--
-- PostgreSQL database dump
--

-- Dumped from database version 12.17 (Ubuntu 12.17-1.pgdg22.04+1)
-- Dumped by pg_dump version 12.17 (Ubuntu 12.17-1.pgdg22.04+1)

SET statement_timeout = 0;
SET lock_timeout = 0;
SET idle_in_transaction_session_timeout = 0;
SET client_encoding = 'UTF8';
SET standard_conforming_strings = on;
SELECT pg_catalog.set_config('search_path', '', false);
SET check_function_bodies = false;
SET xmloption = content;
SET client_min_messages = warning;
SET row_security = off;

DROP DATABASE universe;
--
-- Name: universe; Type: DATABASE; Schema: -; Owner: freecodecamp
--

CREATE DATABASE universe WITH TEMPLATE = template0 ENCODING = 'UTF8' LC_COLLATE = 'C.UTF-8' LC_CTYPE = 'C.UTF-8';


ALTER DATABASE universe OWNER TO freecodecamp;

\connect universe

SET statement_timeout = 0;
SET lock_timeout = 0;
SET idle_in_transaction_session_timeout = 0;
SET client_encoding = 'UTF8';
SET standard_conforming_strings = on;
SELECT pg_catalog.set_config('search_path', '', false);
SET check_function_bodies = false;
SET xmloption = content;
SET client_min_messages = warning;
SET row_security = off;

SET default_tablespace = '';

SET default_table_access_method = heap;

--
-- Name: galaxy; Type: TABLE; Schema: public; Owner: freecodecamp
--

CREATE TABLE public.galaxy (
    galaxy_id integer NOT NULL,
    name character varying(100) NOT NULL,
    distance_from_earth integer,
    has_life boolean,
    galaxy_type text
);


ALTER TABLE public.galaxy OWNER TO freecodecamp;

--
-- Name: galaxy_galaxy_id_seq; Type: SEQUENCE; Schema: public; Owner: freecodecamp
--

CREATE SEQUENCE public.galaxy_galaxy_id_seq
    AS integer
    START WITH 1
    INCREMENT BY 1
    NO MINVALUE
    NO MAXVALUE
    CACHE 1;


ALTER TABLE public.galaxy_galaxy_id_seq OWNER TO freecodecamp;

--
-- Name: galaxy_galaxy_id_seq; Type: SEQUENCE OWNED BY; Schema: public; Owner: freecodecamp
--

ALTER SEQUENCE public.galaxy_galaxy_id_seq OWNED BY public.galaxy.galaxy_id;


--
-- Name: moon; Type: TABLE; Schema: public; Owner: freecodecamp
--

CREATE TABLE public.moon (
    moon_id integer NOT NULL,
    name character varying(100) NOT NULL,
    planet_id integer,
    is_spherical boolean NOT NULL,
    has_life boolean
);


ALTER TABLE public.moon OWNER TO freecodecamp;

--
-- Name: moon_moon_id_seq; Type: SEQUENCE; Schema: public; Owner: freecodecamp
--

CREATE SEQUENCE public.moon_moon_id_seq
    AS integer
    START WITH 1
    INCREMENT BY 1
    NO MINVALUE
    NO MAXVALUE
    CACHE 1;


ALTER TABLE public.moon_moon_id_seq OWNER TO freecodecamp;

--
-- Name: moon_moon_id_seq; Type: SEQUENCE OWNED BY; Schema: public; Owner: freecodecamp
--

ALTER SEQUENCE public.moon_moon_id_seq OWNED BY public.moon.moon_id;


--
-- Name: planet; Type: TABLE; Schema: public; Owner: freecodecamp
--

CREATE TABLE public.planet (
    planet_id integer NOT NULL,
    name character varying(100) NOT NULL,
    star_id integer,
    age_in_millions_of_years integer,
    planet_type text
);


ALTER TABLE public.planet OWNER TO freecodecamp;

--
-- Name: planet_planet_id_seq; Type: SEQUENCE; Schema: public; Owner: freecodecamp
--

CREATE SEQUENCE public.planet_planet_id_seq
    AS integer
    START WITH 1
    INCREMENT BY 1
    NO MINVALUE
    NO MAXVALUE
    CACHE 1;


ALTER TABLE public.planet_planet_id_seq OWNER TO freecodecamp;

--
-- Name: planet_planet_id_seq; Type: SEQUENCE OWNED BY; Schema: public; Owner: freecodecamp
--

ALTER SEQUENCE public.planet_planet_id_seq OWNED BY public.planet.planet_id;


--
-- Name: spacecraft; Type: TABLE; Schema: public; Owner: freecodecamp
--

CREATE TABLE public.spacecraft (
    spacecraft_id integer NOT NULL,
    name character varying(100) NOT NULL,
    mission_type text,
    launch_year integer
);


ALTER TABLE public.spacecraft OWNER TO freecodecamp;

--
-- Name: spacecraft_spacecraft_id_seq; Type: SEQUENCE; Schema: public; Owner: freecodecamp
--

CREATE SEQUENCE public.spacecraft_spacecraft_id_seq
    AS integer
    START WITH 1
    INCREMENT BY 1
    NO MINVALUE
    NO MAXVALUE
    CACHE 1;


ALTER TABLE public.spacecraft_spacecraft_id_seq OWNER TO freecodecamp;

--
-- Name: spacecraft_spacecraft_id_seq; Type: SEQUENCE OWNED BY; Schema: public; Owner: freecodecamp
--

ALTER SEQUENCE public.spacecraft_spacecraft_id_seq OWNED BY public.spacecraft.spacecraft_id;


--
-- Name: star; Type: TABLE; Schema: public; Owner: freecodecamp
--

CREATE TABLE public.star (
    star_id integer NOT NULL,
    name character varying(100) NOT NULL,
    galaxy_id integer,
    size_in_solar_radii numeric,
    is_spherical boolean NOT NULL
);


ALTER TABLE public.star OWNER TO freecodecamp;

--
-- Name: star_star_id_seq; Type: SEQUENCE; Schema: public; Owner: freecodecamp
--

CREATE SEQUENCE public.star_star_id_seq
    AS integer
    START WITH 1
    INCREMENT BY 1
    NO MINVALUE
    NO MAXVALUE
    CACHE 1;


ALTER TABLE public.star_star_id_seq OWNER TO freecodecamp;

--
-- Name: star_star_id_seq; Type: SEQUENCE OWNED BY; Schema: public; Owner: freecodecamp
--

ALTER SEQUENCE public.star_star_id_seq OWNED BY public.star.star_id;


--
-- Name: galaxy galaxy_id; Type: DEFAULT; Schema: public; Owner: freecodecamp
--

ALTER TABLE ONLY public.galaxy ALTER COLUMN galaxy_id SET DEFAULT nextval('public.galaxy_galaxy_id_seq'::regclass);


--
-- Name: moon moon_id; Type: DEFAULT; Schema: public; Owner: freecodecamp
--

ALTER TABLE ONLY public.moon ALTER COLUMN moon_id SET DEFAULT nextval('public.moon_moon_id_seq'::regclass);


--
-- Name: planet planet_id; Type: DEFAULT; Schema: public; Owner: freecodecamp
--

ALTER TABLE ONLY public.planet ALTER COLUMN planet_id SET DEFAULT nextval('public.planet_planet_id_seq'::regclass);


--
-- Name: spacecraft spacecraft_id; Type: DEFAULT; Schema: public; Owner: freecodecamp
--

ALTER TABLE ONLY public.spacecraft ALTER COLUMN spacecraft_id SET DEFAULT nextval('public.spacecraft_spacecraft_id_seq'::regclass);


--
-- Name: star star_id; Type: DEFAULT; Schema: public; Owner: freecodecamp
--

ALTER TABLE ONLY public.star ALTER COLUMN star_id SET DEFAULT nextval('public.star_star_id_seq'::regclass);


--
-- Data for Name: galaxy; Type: TABLE DATA; Schema: public; Owner: freecodecamp
--

INSERT INTO public.galaxy VALUES (1, 'Milky Way', 0, false, 'Spiral');
INSERT INTO public.galaxy VALUES (2, 'Andromeda', 2537000, false, 'Spiral');
INSERT INTO public.galaxy VALUES (3, 'Triangulum', 3000000, false, 'Spiral');
INSERT INTO public.galaxy VALUES (4, 'Sombrero', 29000000, false, 'Spiral');
INSERT INTO public.galaxy VALUES (5, 'Whirlpool', 23000000, false, 'Spiral');
INSERT INTO public.galaxy VALUES (6, 'Pinwheel', 21000000, false, 'Spiral');


--
-- Data for Name: moon; Type: TABLE DATA; Schema: public; Owner: freecodecamp
--

INSERT INTO public.moon VALUES (1, 'Moon', 1, true, false);
INSERT INTO public.moon VALUES (2, 'Phobos', 2, false, false);
INSERT INTO public.moon VALUES (3, 'Deimos', 2, false, false);
INSERT INTO public.moon VALUES (4, 'Io', 4, true, false);
INSERT INTO public.moon VALUES (5, 'Europa', 4, true, false);
INSERT INTO public.moon VALUES (6, 'Ganymede', 4, true, false);
INSERT INTO public.moon VALUES (7, 'Callisto', 4, true, false);
INSERT INTO public.moon VALUES (8, 'Titan', 5, true, false);
INSERT INTO public.moon VALUES (9, 'Rhea', 5, true, false);
INSERT INTO public.moon VALUES (10, 'Iapetus', 5, true, false);
INSERT INTO public.moon VALUES (11, 'Miranda', 8, true, false);
INSERT INTO public.moon VALUES (12, 'Ariel', 8, true, false);
INSERT INTO public.moon VALUES (13, 'Umbriel', 8, true, false);
INSERT INTO public.moon VALUES (14, 'Oberon', 8, true, false);
INSERT INTO public.moon VALUES (15, 'Titania', 8, true, false);
INSERT INTO public.moon VALUES (16, 'Triton', 7, true, false);
INSERT INTO public.moon VALUES (17, 'Charon', 11, true, false);
INSERT INTO public.moon VALUES (18, 'Nix', 11, false, false);
INSERT INTO public.moon VALUES (19, 'Hydra', 11, false, false);
INSERT INTO public.moon VALUES (20, 'Kerberos', 11, false, false);
INSERT INTO public.moon VALUES (21, 'Styx', 11, false, false);


--
-- Data for Name: planet; Type: TABLE DATA; Schema: public; Owner: freecodecamp
--

INSERT INTO public.planet VALUES (1, 'Earth', 1, 4500, 'Terrestrial');
INSERT INTO public.planet VALUES (2, 'Mars', 1, 4600, 'Terrestrial');
INSERT INTO public.planet VALUES (3, 'Venus', 1, 4600, 'Terrestrial');
INSERT INTO public.planet VALUES (4, 'Jupiter', 1, 4600, 'Gas giant');
INSERT INTO public.planet VALUES (5, 'Saturn', 1, 4500, 'Gas giant');
INSERT INTO public.planet VALUES (6, 'Mercury', 1, 4500, 'Terrestrial');
INSERT INTO public.planet VALUES (7, 'Neptune', 1, 4500, 'Ice giant');
INSERT INTO public.planet VALUES (8, 'Uranus', 1, 4500, 'Ice giant');
INSERT INTO public.planet VALUES (9, 'Kepler-22b', 3, 3000, 'Exoplanet');
INSERT INTO public.planet VALUES (10, 'Proxima b', 5, 1000, 'Exoplanet');
INSERT INTO public.planet VALUES (11, 'TRAPPIST-1d', 6, 500, 'Exoplanet');
INSERT INTO public.planet VALUES (12, 'WASP-17b', 2, 200, 'Gas giant');


--
-- Data for Name: spacecraft; Type: TABLE DATA; Schema: public; Owner: freecodecamp
--

INSERT INTO public.spacecraft VALUES (1, 'Voyager 1', 'Interstellar', 1977);
INSERT INTO public.spacecraft VALUES (2, 'Hubble Space Telescope', 'Observation', 1990);
INSERT INTO public.spacecraft VALUES (3, 'Juno', 'Jupiter probe', 2011);


--
-- Data for Name: star; Type: TABLE DATA; Schema: public; Owner: freecodecamp
--

INSERT INTO public.star VALUES (1, 'Sun', 1, 1.0, true);
INSERT INTO public.star VALUES (2, 'Sirius', 1, 1.71, true);
INSERT INTO public.star VALUES (3, 'Alpha Centauri', 1, 1.1, true);
INSERT INTO public.star VALUES (4, 'Betelgeuse', 1, 887, true);
INSERT INTO public.star VALUES (5, 'Proxima Centauri', 1, 0.1542, true);
INSERT INTO public.star VALUES (6, 'Rigel', 1, 78.9, true);


--
-- Name: galaxy_galaxy_id_seq; Type: SEQUENCE SET; Schema: public; Owner: freecodecamp
--

SELECT pg_catalog.setval('public.galaxy_galaxy_id_seq', 6, true);


--
-- Name: moon_moon_id_seq; Type: SEQUENCE SET; Schema: public; Owner: freecodecamp
--

SELECT pg_catalog.setval('public.moon_moon_id_seq', 21, true);


--
-- Name: planet_planet_id_seq; Type: SEQUENCE SET; Schema: public; Owner: freecodecamp
--

SELECT pg_catalog.setval('public.planet_planet_id_seq', 12, true);


--
-- Name: spacecraft_spacecraft_id_seq; Type: SEQUENCE SET; Schema: public; Owner: freecodecamp
--

SELECT pg_catalog.setval('public.spacecraft_spacecraft_id_seq', 3, true);


--
-- Name: star_star_id_seq; Type: SEQUENCE SET; Schema: public; Owner: freecodecamp
--

SELECT pg_catalog.setval('public.star_star_id_seq', 6, true);


--
-- Name: galaxy galaxy_name_key; Type: CONSTRAINT; Schema: public; Owner: freecodecamp
--

ALTER TABLE ONLY public.galaxy
    ADD CONSTRAINT galaxy_name_key UNIQUE (name);


--
-- Name: galaxy galaxy_pkey; Type: CONSTRAINT; Schema: public; Owner: freecodecamp
--

ALTER TABLE ONLY public.galaxy
    ADD CONSTRAINT galaxy_pkey PRIMARY KEY (galaxy_id);


--
-- Name: moon moon_name_key; Type: CONSTRAINT; Schema: public; Owner: freecodecamp
--

ALTER TABLE ONLY public.moon
    ADD CONSTRAINT moon_name_key UNIQUE (name);


--
-- Name: moon moon_pkey; Type: CONSTRAINT; Schema: public; Owner: freecodecamp
--

ALTER TABLE ONLY public.moon
    ADD CONSTRAINT moon_pkey PRIMARY KEY (moon_id);


--
-- Name: planet planet_name_key; Type: CONSTRAINT; Schema: public; Owner: freecodecamp
--

ALTER TABLE ONLY public.planet
    ADD CONSTRAINT planet_name_key UNIQUE (name);


--
-- Name: planet planet_pkey; Type: CONSTRAINT; Schema: public; Owner: freecodecamp
--

ALTER TABLE ONLY public.planet
    ADD CONSTRAINT planet_pkey PRIMARY KEY (planet_id);


--
-- Name: spacecraft spacecraft_name_key; Type: CONSTRAINT; Schema: public; Owner: freecodecamp
--

ALTER TABLE ONLY public.spacecraft
    ADD CONSTRAINT spacecraft_name_key UNIQUE (name);


--
-- Name: spacecraft spacecraft_pkey; Type: CONSTRAINT; Schema: public; Owner: freecodecamp
--

ALTER TABLE ONLY public.spacecraft
    ADD CONSTRAINT spacecraft_pkey PRIMARY KEY (spacecraft_id);


--
-- Name: star star_name_key; Type: CONSTRAINT; Schema: public; Owner: freecodecamp
--

ALTER TABLE ONLY public.star
    ADD CONSTRAINT star_name_key UNIQUE (name);


--
-- Name: star star_pkey; Type: CONSTRAINT; Schema: public; Owner: freecodecamp
--

ALTER TABLE ONLY public.star
    ADD CONSTRAINT star_pkey PRIMARY KEY (star_id);


--
-- Name: moon moon_planet_id_fkey; Type: FK CONSTRAINT; Schema: public; Owner: freecodecamp
--

ALTER TABLE ONLY public.moon
    ADD CONSTRAINT moon_planet_id_fkey FOREIGN KEY (planet_id) REFERENCES public.planet(planet_id);


--
-- Name: planet planet_star_id_fkey; Type: FK CONSTRAINT; Schema: public; Owner: freecodecamp
--

ALTER TABLE ONLY public.planet
    ADD CONSTRAINT planet_star_id_fkey FOREIGN KEY (star_id) REFERENCES public.star(star_id);


--
-- Name: star star_galaxy_id_fkey; Type: FK CONSTRAINT; Schema: public; Owner: freecodecamp
--

ALTER TABLE ONLY public.star
    ADD CONSTRAINT star_galaxy_id_fkey FOREIGN KEY (galaxy_id) REFERENCES public.galaxy(galaxy_id);


--
-- PostgreSQL database dump complete
--

